Taxpayer Id,Taxpayer Name,Location Name,Address,City,State,Zip,Zip+4,County,Location Number,Permit Type,Permit Number,Permit Status,Permit Begin Date,Permit End Date
32052621755,KND STORES INC,FOREVER VAPES,13519 MONTFORT DR,DALLAS,TX,75240,5120.0,DALLAS,2,E-CIG RETAILER,21010816.0,ACTIVE,01/01/2022,
32071924321,VAPE CRAFT LLC,VAPE CRAFT,5462 LEMMON AVE,DALLAS,TX,75209,6240.0,DALLAS,5,E-CIG RETAILER,23002958.0,ACTIVE,04/15/2023,
32081058920,GREENHOUSE SMOKE AND VAPES LLC,GREENHOUSE SMOKE AND VAPES,301 E JEFFERSON ST,GRAND PRAIRIE,TX,75051,1951.0,DALLAS,1,E-CIG RETAILER,22006770.0,ACTIVE,04/20/2022,
32083174410,ARI STORES LLC,FOREVER VAPES,13605 MIDWAY RD STE 160,DALLAS,TX,75244,4344.0,DALLAS,1,E-CIG RETAILER,22006779.0,ACTIVE,04/28/2022,
32083872203,GNS SON'S INC,MIRACLE SMOKE & VAPE STORE,1405 E GRAUWYLER RD,IRVING,TX,75061,5123.0,DALLAS,1,E-CIG RETAILER,22006771.0,ACTIVE,05/01/2022,
32085758962,JAY SRI GANESH LLC,SMOKE AND VAPE,1101 N CARRIER PKWY # 115,GRAND PRAIRIE,TX,75050,3382.0,DALLAS,1,E-CIG RETAILER,22010970.0,ACTIVE,08/12/2022,
32086329631,SRK STORES LLC,WAKE N VAPE,1914B S JUPITER RD,GARLAND,TX,75042,7705.0,DALLAS,1,E-CIG RETAILER,22013346.0,ACTIVE,12/01/2022,
32091559917,SAK BUSINESS LLC,VAPE & MORE,3110 SATURN RD STE 117,GARLAND,TX,75041,4316.0,DALLAS,1,E-CIG RETAILER,23007882.0,ACTIVE,10/01/2023,
32091092208,ELLIADRIA LLC,ENEMI VAPES,2210 SEA ISLAND DR,DALLAS,TX,75232,2708.0,DALLAS,1,E-CIG RETAILER,,INACTIVE,09/13/2023,
32087525930,AMRELVI LLC,STOP & VAPE,131 N PLANO RD,RICHARDSON,TX,75081,3827.0,DALLAS,1,E-CIG RETAILER,23001756.0,ACTIVE,03/01/2023,
17527658086,"BIG TEX MINI MART, INC.",MESQUITE VAPES,714 N GALLOWAY AVE,MESQUITE,TX,75149,3472.0,DALLAS,3,E-CIG RETAILER,21004657.0,ACTIVE,01/01/2022,
32004352525,"CORNWELL & ASSOCIATES, LLC",COOL VAPES,8786 FERGUSON RD STE 130A,DALLAS,TX,75228,7918.0,DALLAS,1,E-CIG RETAILER,21012587.0,ACTIVE,01/01/2022,
32020501311,DENNISA LYNN MOORE,JOOSIE VAPES,2011 N GALLOWAY AVE,MESQUITE,TX,75149,1552.0,DALLAS,2,E-CIG RETAILER,22005408.0,ACTIVE,03/18/2022,
32044032319,88 VAPE 1 INC,VAPOR LAND,2810 E TRINITY MILLS RD STE 213,CARROLLTON,TX,75006,2253.0,DALLAS,2,E-CIG RETAILER,21011001.0,ACTIVE,01/01/2022,
32044933557,AAIRH LLC,AAIRH VAPES & NOVELTIES,11536 HARRY HINES BLVD STE 201A,DALLAS,TX,75229,8121.0,DALLAS,2,E-CIG RETAILER,22001093.0,INACTIVE,01/01/2022,
32050279697,ALL VAPES LLC,ALL VAPES,3409 MAIN ST STE A,DALLAS,TX,75226,1643.0,DALLAS,2,E-CIG RETAILER,22003032.0,ACTIVE,01/14/2022,
32050692980,GOOD SMOKES LLC,VAPE N VAPOR IRVING,2910 N BELT LINE RD STE 2910,IRVING,TX,75062,5247.0,DALLAS,4,E-CIG RETAILER,22002398.0,ACTIVE,01/14/2022,
32051704842,"RAD GLASS, INC.","PPU-PIPES, PAPES & VAPES",13410 PRESTON RD STE H,DALLAS,TX,75240,5286.0,DALLAS,5,E-CIG RETAILER,22002822.0,ACTIVE,02/01/2022,
32052833780,VICTOR MAIDEN,VIC VAPE SHOP,2121 NORTHWEST HWY,GARLAND,TX,75041,4858.0,DALLAS,3,E-CIG RETAILER,22000611.0,INACTIVE,01/04/2022,07/02/2022
32052838524,"JK VAPES, LLC",JK VAPES,1017 E TRINITY MILLS RD STE 116,CARROLLTON,TX,75006,1458.0,DALLAS,1,E-CIG RETAILER,22003249.0,ACTIVE,01/29/2022,
32053673508,RENEE MCMAHON,D TOWN VAPES,101 W CAMP WISDOM RD STE F,DUNCANVILLE,TX,75116,3300.0,DALLAS,1,E-CIG RETAILER,22001579.0,ACTIVE,01/14/2022,
32060957407,S&S WIRELESS ZONE INC,VAPE CITY 129,4302 W CAMP WISDOM RD,DALLAS,TX,75237,2417.0,DALLAS,129,E-CIG RETAILER,23001327.0,ACTIVE,02/11/2023,
32060957407,S&S WIRELESS ZONE INC,VAPE CITY 136,1704 MILITARY PKWY,MESQUITE,TX,75149,3673.0,DALLAS,139,E-CIG RETAILER,23001323.0,ACTIVE,02/11/2023,
32061600865,SRI REGMI INC,COIT SMOKE AND VAPE,7995 LYNDON B JOHNSON FWY STE 108,DALLAS,TX,75251,1238.0,DALLAS,4,E-CIG RETAILER,21013258.0,ACTIVE,01/01/2022,
32067474778,SAM'S VAPE & TOBACCO LLC,SAM'S VAPE & TOBACCO LLC,1402 NORTHWEST HWY STE 100A,GARLAND,TX,75041,5200.0,DALLAS,2,E-CIG RETAILER,21006835.0,INACTIVE,01/01/2022,11/01/2022
32068712689,WYLIE VAPE LLC,WYLIE VAPE,2050 N PLANO RD STE 350,RICHARDSON,TX,75082,4499.0,DALLAS,3,E-CIG RETAILER,23008089.0,ACTIVE,10/05/2023,
32069136219,100 SMOKE VAPE CORP,100% SMOKE AND VAPE,3027 N BELT LINE RD,IRVING,TX,75062,6878.0,DALLAS,1,E-CIG RETAILER,21006884.0,ACTIVE,01/01/2022,
32069392747,HIGH ROLLER VAPES & NOVELTIES INC,HIGH ROLLER VAPES & NOVELTIES INC,11335 HARRY HINES BLVD,DALLAS,TX,75229,3410.0,DALLAS,1,E-CIG RETAILER,22000304.0,ACTIVE,01/01/2022,
32070146488,LAYAN INC.,SMOKE & VAPES,2842 W DAVIS ST,DALLAS,TX,75211,2823.0,DALLAS,1,E-CIG RETAILER,21005817.0,ACTIVE,01/01/2022,
32070268381,RAKH MOWLA LLC,USA SMOKE & VAPE,2640 OLD DENTON RD STE 156,CARROLLTON,TX,75007,5453.0,DALLAS,1,E-CIG RETAILER,21010535.0,ACTIVE,01/01/2022,
32070270262,BRIGHTSIRIUS LLC,VAPE & LEAF,1903 N JOSEY LN,CARROLLTON,TX,75006,4218.0,DALLAS,2,E-CIG RETAILER,22011626.0,ACTIVE,10/05/2022,
32070534873,NASMAS ENTERPRISE LLC,HOUSE OF VAPES,4235 W NORTHWEST HWY STE 500,DALLAS,TX,75220,5058.0,DALLAS,3,E-CIG RETAILER,,INACTIVE,11/01/2023,
32070738896,TOP CLOUD VAPES INCORPORATED,TOP CLOUD VAPES,8600 LAKEVIEW PKWY STE D,ROWLETT,TX,75088,4399.0,DALLAS,1,E-CIG RETAILER,21010901.0,ACTIVE,01/01/2022,
32071133139,M&N LLC,VAPE LIFE,5626 MAPLE AVE STE 150,DALLAS,TX,75235,7420.0,DALLAS,1,E-CIG RETAILER,22005594.0,ACTIVE,03/20/2022,
32071133139,M&N LLC,VAPE LIFE,3012 INWOOD RD STE E,DALLAS,TX,75235,7520.0,DALLAS,2,E-CIG RETAILER,22011733.0,ACTIVE,09/22/2022,
32071924321,VAPE CRAFT LLC,VAPE CRAFT,4509 LEMMON AVE STE 100,DALLAS,TX,75219,2145.0,DALLAS,1,E-CIG RETAILER,21005548.0,INACTIVE,01/01/2022,02/28/2023
32072055174,TTA INTERNATIONAL LLC,TOBACCO & VAPE WORLD,2506 S BUCKNER BLVD STE 104,DALLAS,TX,75227,8548.0,DALLAS,1,E-CIG RETAILER,22011903.0,ACTIVE,11/01/2022,
32073700299,ROYAL REGAL LLC,HYDRA SMOKE AND VAPE,1918 E MILLER RD STE 102,GARLAND,TX,75041,2100.0,DALLAS,2,E-CIG RETAILER,23001932.0,ACTIVE,03/04/2023,
32073898507,TRINH VENTURES LLC,DRAGON VAPE,4024 W CAMP WISDOM RD,DALLAS,TX,75237,2423.0,DALLAS,1,E-CIG RETAILER,22004616.0,ACTIVE,03/07/2022,
32074616973,SRIOM HARI INC,DESOTO SMOKE & VAPE,901 N POLK ST,DESOTO,TX,75115,4013.0,DALLAS,1,E-CIG RETAILER,21009615.0,ACTIVE,01/01/2022,
32074731673,5 STAR KAM COMPANY,SAM'S TOBACCO & VAPE,2101 LAKEVIEW PKWY,ROWLETT,TX,75088,3310.0,DALLAS,2,E-CIG RETAILER,21008684.0,INACTIVE,01/01/2022,10/31/2023
32075078744,AVI SURYA LLC,LOVE N PEACE SMOKE VAPE SHOP,15080 E BELTWOOD PKWY # 104B,ADDISON,TX,75001,3729.0,DALLAS,1,E-CIG RETAILER,21014356.0,ACTIVE,01/01/2022,
32075909385,JOSEY FIRST CORP,TOBACCO N VAPE,13920 JOSEY LN STE 110,FARMERS BRANCH,TX,75234,3500.0,DALLAS,2,E-CIG RETAILER,21009636.0,ACTIVE,01/01/2022,
32075990104,SRI MANAKAMANA INC,SMOKE AND VAPE,1101 N CARRIER PKWY # 115,GRAND PRAIRIE,TX,75050,3382.0,DALLAS,1,E-CIG RETAILER,21009638.0,INACTIVE,01/01/2022,01/31/2023
32075990104,SRI MANAKAMANA INC,KUSH CIGAR SMOKE VAPE,3510 ROSS AVE STE 101,DALLAS,TX,75204,5418.0,DALLAS,5,E-CIG RETAILER,22010452.0,ACTIVE,07/07/2022,
32076258857,ELITE P&P ENTERPRISES LLC,VAPE PLUS #2,2501 N JOSEY LN STE 118,CARROLLTON,TX,75006,1600.0,DALLAS,2,E-CIG RETAILER,23003643.0,ACTIVE,05/15/2023,
32076522617,BENI BUSINESS LLC,NOVELTY VAPE & MORE,11728 FERGUSON RD,DALLAS,TX,75228,8202.0,DALLAS,2,E-CIG RETAILER,23002887.0,ACTIVE,04/15/2023,
32076620890,SRI SHISHIRJI INC,CHILL ZONE TOBACCO & VAPE,3115 S 1ST ST STE 300,GARLAND,TX,75041,3424.0,DALLAS,1,E-CIG RETAILER,21013026.0,ACTIVE,01/01/2022,
32076839151,SMOKE CENTRAL LLC,TOP TIER SMOKE & VAPE,1600 N PLANO RD STE 2400,RICHARDSON,TX,75081,1998.0,DALLAS,1,E-CIG RETAILER,22011666.0,ACTIVE,09/10/2022,
32077142142,VAPE DZ 5 LLC,VAPE DZ 5 LLC,1424 N BELT LINE RD STE 130,IRVING,TX,75061,1502.0,DALLAS,1,E-CIG RETAILER,21007003.0,ACTIVE,01/01/2022,
32077346735,NMA OPERATING LLC,VAPE N MORE,3110 SATURN RD STE 117,GARLAND,TX,75041,4316.0,DALLAS,1,E-CIG RETAILER,21005492.0,ACTIVE,01/01/2022,
32077670159,WOSV OAK LAWN LLC,WORLD OF SMOKE & VAPE,2916 OAK LAWN AVE,DALLAS,TX,75219,4131.0,DALLAS,1,E-CIG RETAILER,22000335.0,ACTIVE,01/01/2022,
32077787979,MOHAMMED ABDUL ALMANSORI,SMOKE AND VAPE CENTRAL,1600 N PLANO RD STE 1200A,RICHARDSON,TX,75081,1978.0,DALLAS,1,E-CIG RETAILER,21009140.0,INACTIVE,01/01/2022,09/30/2022
32077850298,EXCELLENCE ENTERPRISES LLC,VAPE SQUARE 3,2063 TOWN EAST MALL UNIT 6514,MESQUITE,TX,75150,4118.0,DALLAS,8,E-CIG RETAILER,22009578.0,INACTIVE,06/15/2022,01/31/2023
32077917980,CADABILLS LLC,MEDDLE VAPES,8251 N BELT LINE RD STE 150,IRVING,TX,75063,6055.0,DALLAS,1,E-CIG RETAILER,22001918.0,ACTIVE,01/21/2022,
32077924911,"M & S VAPE, LLC.",ROYAL SMOKE,702 MACARTHUR BLVD STE 200,GRAND PRAIRIE,TX,75050,4443.0,DALLAS,2,E-CIG RETAILER,22006830.0,INACTIVE,05/04/2022,10/31/2022
32077924911,"M & S VAPE, LLC.",M & M SMOKE SHOP,834 FORT WORTH ST,GRAND PRAIRIE,TX,75050,5566.0,DALLAS,3,E-CIG RETAILER,22006831.0,INACTIVE,05/01/2022,10/31/2022
32078048868,CENTERPIECE VAPE SHOP LLC,CENTERPIECE VAPE SHOP LLC,2000 N PLANO RD STE 113A,RICHARDSON,TX,75082,4402.0,DALLAS,1,E-CIG RETAILER,21013339.0,ACTIVE,01/01/2022,
32078475004,D & D UNITED LLC,SAVAGE VAPES,2150 N JOSEY LN STE 118,CARROLLTON,TX,75006,2955.0,DALLAS,1,E-CIG RETAILER,22004673.0,ACTIVE,02/24/2022,
32078617316,5D CARROLLTON LLC,JE VAPE AND MORE,1955 E BELT LINE RD,CARROLLTON,TX,75006,5844.0,DALLAS,1,E-CIG RETAILER,22001303.0,INACTIVE,01/10/2022,12/31/2022
32078846675,VAPE PLUS LLC,VAPE+,5100 BELT LINE RD STE 406,DALLAS,TX,75254,7068.0,DALLAS,1,E-CIG RETAILER,21004523.0,INACTIVE,01/01/2022,
32078909739,JE IMPORTS LLC,JE VAPE WAREHOUSE,11528 HARRY HINES BLVD STE 214B,DALLAS,TX,75229,8130.0,DALLAS,1,E-CIG RETAILER,22012439.0,ACTIVE,10/05/2022,
32079360304,AHP BUSINESS LLC,VAPE AND CELL,1501 W MILLER RD STE 160,GARLAND,TX,75041,1519.0,DALLAS,1,E-CIG RETAILER,21004972.0,ACTIVE,01/01/2022,
32079562305,BEST SMOKE & VAPES LLC,BEST SMOKE & VAPES LLC,11536 HARRY HINES BLVD STE 204,DALLAS,TX,75229,8121.0,DALLAS,1,E-CIG RETAILER,21010576.0,INACTIVE,01/01/2022,05/31/2022
32079572940,BROADWAY GARLAND INVESTMENT INC,REBEL SMOKE AND VAPE,5249 BROADWAY BLVD,GARLAND,TX,75043,7024.0,DALLAS,1,E-CIG RETAILER,22006124.0,ACTIVE,01/01/2022,
32079803840,GOLD OCEAN LLC,GOLD OCEAN TOBACCO & VAPE,2447 VALWOOD PKWY,FARMERS BRANCH,TX,75234,3411.0,DALLAS,2,E-CIG RETAILER,23001669.0,ACTIVE,03/01/2023,
32080290003,BLANCO VAP LLC,VAPE ZONE,8770 S POLK ST STE 105,DALLAS,TX,75232,5112.0,DALLAS,1,E-CIG RETAILER,22005285.0,ACTIVE,04/01/2022,
32080407474,MARYAM DFW LLC,JUST SMOKE & VAPE,1305 N BLUEGROVE RD STE 102,LANCASTER,TX,75134,2939.0,DALLAS,3,E-CIG RETAILER,22011089.0,ACTIVE,09/01/2022,
32080545166,PT VAPE & CBD LLC,PT VAPE & CBD LLC,2411 N GALLOWAY AVE STE 112,MESQUITE,TX,75150,4811.0,DALLAS,1,E-CIG RETAILER,22005350.0,ACTIVE,03/18/2022,
32080567863,B&K BROTHERS LLC,VAPE & BEYOND,3737 IRVING MAILL,IRVING,TX,75062,,DALLAS,2,E-CIG RETAILER,22005314.0,ACTIVE,03/15/2022,
32080701686,"TEXAS SMOKE AND VAPES, INC","TEXAS SMOKE AND VAPES, INC",4475 ADLER DR STE 104,DALLAS,TX,75211,1413.0,DALLAS,1,E-CIG RETAILER,21005890.0,ACTIVE,01/01/2022,
32081087051,FUNKY MONKEY SMOKE SHOP LLC,FUNKY MONKEY SMOKE & VAPE,2523 FOREST LN,GARLAND,TX,75042,6506.0,DALLAS,2,E-CIG RETAILER,23002792.0,ACTIVE,04/01/2023,
32081140934,EXOTIC VAPES LLC,EXOTIC VAPES,505 N GOOD LATIMER EXPY,DALLAS,TX,75204,,DALLAS,1,E-CIG RETAILER,21015317.0,ACTIVE,01/01/2022,
32081140934,EXOTIC VAPES LLC,EXOTIC VAPES LLC,2511 SWISS AVE UNIT 160,DALLAS,TX,75204,5853.0,DALLAS,4,E-CIG RETAILER,22006469.0,INACTIVE,04/28/2022,04/30/2023
32081140934,EXOTIC VAPES LLC,EXOTIC VAPES LLC,2625 FLOYD ST,DALLAS,TX,75204,5809.0,DALLAS,5,E-CIG RETAILER,22006472.0,ACTIVE,04/28/2022,
32081140934,EXOTIC VAPES LLC,EXOTIC VAPES LLC,1707 BOTHAM JEAN BLVD,DALLAS,TX,75215,1942.0,DALLAS,6,E-CIG RETAILER,22006470.0,INACTIVE,04/28/2022,05/31/2022
32081140934,EXOTIC VAPES LLC,EXOTIC VAPES LLC,3808 TOWNE CROSSING BLVD,MESQUITE,TX,75150,6124.0,DALLAS,8,E-CIG RETAILER,22006471.0,ACTIVE,04/28/2022,
32081140934,EXOTIC VAPES LLC,EXOTIC VAPES,2516 FLORENCE ST,DALLAS,TX,75204,5847.0,DALLAS,10,E-CIG RETAILER,22012458.0,ACTIVE,08/16/2022,
32081140934,EXOTIC VAPES LLC,EXOTIC VAPES,2817 GREENVILLE AVE,DALLAS,TX,75206,6238.0,DALLAS,14,E-CIG RETAILER,23004127.0,INACTIVE,05/20/2023,05/20/2023
32081384599,FRIENDS CAPITAL GROUP INC,NOVELTY VAPE & MORE,11728 FERGUSON RD,DALLAS,TX,75228,8202.0,DALLAS,1,E-CIG RETAILER,21007258.0,INACTIVE,01/01/2022,12/05/2022
32081710223,RYAN HENRY,2 DAY VAPE,3401 GARDEN BROOK DR,FARMERS BRANCH,TX,75234,2435.0,DALLAS,1,E-CIG RETAILER,,INACTIVE,02/15/2022,
32082124879,YR GROUP LLC,CLOUD VAPE & SMOKE,3701 W NORTHWEST HWY STE 280,DALLAS,TX,75220,4992.0,DALLAS,1,E-CIG RETAILER,23001123.0,ACTIVE,02/15/2023,
32082370795,"DALGG GROUP, LLC",GREEN GORILLA SMOKE & VAPE SHOP,513 W JEFFERSON ST STE 200,GRAND PRAIRIE,TX,75051,1642.0,DALLAS,1,E-CIG RETAILER,23001671.0,ACTIVE,03/01/2023,
32082493985,PM JODI LLC,PM SMOKE AND VAPE SHOP,2376 LAVON DR STE 132,GARLAND,TX,75040,9001.0,DALLAS,1,E-CIG RETAILER,22002880.0,ACTIVE,01/22/2022,
32082527477,ASA LABS LLC,DTX VAPE SUPPLY,11250 HARRY HINES BLVD STE 201,DALLAS,TX,75229,5626.0,DALLAS,1,E-CIG RETAILER,22010229.0,ACTIVE,08/01/2022,
32082808794,"K M MEZA GROUP, INC",FOUR LOCOS SMOKE & VAPE,1500 N STORY RD STE 606,IRVING,TX,75061,1926.0,DALLAS,1,E-CIG RETAILER,22003250.0,ACTIVE,02/01/2022,
32083150634,WHOLESALE GURU INC,MK VAPE WHOLESALE,11633 HARRY HINES BLVD STE 104,DALLAS,TX,75229,2290.0,DALLAS,1,E-CIG RETAILER,22006695.0,ACTIVE,05/01/2022,
32083346356,RAJ TEXAS INVESTMENT INC,FOUR LOCO SMOKE AND VAPE,2902 S BUCKNER BLVD STE 285,DALLAS,TX,75227,6981.0,DALLAS,1,E-CIG RETAILER,22005922.0,ACTIVE,05/01/2022,
32083428006,"EXOTIC SMOKE & VAPE, LLC","EXOTIC SMOKE & VAPE, LLC",1350 NORTHWEST HWY STE 119,GARLAND,TX,75041,5844.0,DALLAS,1,E-CIG RETAILER,22007039.0,ACTIVE,05/07/2022,
32083872203,GNS SON'S INC,MIRACLE 2 SMOKE & VAPE STORE,2825 VALLEY VIEW LN STE 303,FARMERS BRANCH,TX,75234,4965.0,DALLAS,2,E-CIG RETAILER,23004524.0,ACTIVE,06/01/2023,
32083884208,SUPREME SMOKE AND VAPE LLC,SUPREME SMOKE AND VAPE LLC,2099 VALLEY VIEW LN STE 110,FARMERS BRANCH,TX,75234,8949.0,DALLAS,1,E-CIG RETAILER,22006803.0,INACTIVE,05/01/2022,05/30/2023
32084355273,NABA SILWAL INC,US FOOD & VAPE,115 N JIM MILLER RD STE 115A,DALLAS,TX,75217,5802.0,DALLAS,1,E-CIG RETAILER,22008916.0,INACTIVE,06/11/2022,11/20/2022
32084819955,JUJU SMOKE & VAPE SHOP LLC,JUJU SMOKE & VAPE SHOP,1054 E BELT LINE RD,RICHARDSON,TX,75081,3703.0,DALLAS,1,E-CIG RETAILER,22010420.0,ACTIVE,08/22/2022,
32085009416,REDKAY INVESTMENT INC,SAM'S VAPE & TOBACCO,1402 NORTHWEST HWY STE 100A,GARLAND,TX,75041,5200.0,DALLAS,1,E-CIG RETAILER,22009692.0,ACTIVE,07/01/2022,
32085740689,VAPE & STUFF LLC,HYPE VAPES,5125 N PRESIDENT GEORGE BUSH HWY STE 200,GARLAND,TX,75040,2756.0,DALLAS,1,E-CIG RETAILER,22012662.0,ACTIVE,10/13/2022,
32085768805,"ALMA ZATRIEH GROUP # 3, INC",EMPIRE SMOKE & VAPE,405 CENTRE ST,DALLAS,TX,75208,6527.0,DALLAS,1,E-CIG RETAILER,22011002.0,ACTIVE,09/01/2022,
32086170654,BELINDA REEVES AND KERRY NATION,THE JOINT CBD SMOKE & VAPE,4353 GANNON LN STE 104A,DALLAS,TX,75237,4200.0,DALLAS,1,E-CIG RETAILER,22012501.0,ACTIVE,10/11/2022,
32086918524,GRIZZLY VAPE LLC,GRIZZLY VAPE,2517 FRANKLIN DR STE F,MESQUITE,TX,75150,6391.0,DALLAS,1,E-CIG RETAILER,23000207.0,ACTIVE,12/15/2022,
32087511658,NUPTSE INVESTMENTS LLC,OG SMOKE AND VAPE,6873 SHADYBROOK LN,DALLAS,TX,75231,6605.0,DALLAS,1,E-CIG RETAILER,23000596.0,ACTIVE,01/24/2023,
32087521186,SKILLMAN VAPORS LLC,QUICK VAPE,6434 SKILLMAN ST,DALLAS,TX,75231,7110.0,DALLAS,1,E-CIG RETAILER,23002201.0,ACTIVE,04/01/2023,
32087801158,"ALMA ZATRIEH GROUP#5, INC",EMPIRE SMOKE & VAPE,2410 DUNCANVILLE RD STE 120,DALLAS,TX,75211,6506.0,DALLAS,1,E-CIG RETAILER,23000241.0,ACTIVE,01/11/2023,
32087868264,AK VAPE AND DISTRIBUTION LLC,AK VAPE AND DISTRIBUTION LLC,8150 WALTON BLVD,IRVING,TX,75063,8040.0,DALLAS,1,E-CIG RETAILER,23000660.0,ACTIVE,01/24/2023,
32088127652,"ALMA ZATRIEH GROUP#6, INC",EMPIRE SMOKE & VAPE,2626 S WESTMORELAND RD STE 600,DALLAS,TX,75211,8900.0,DALLAS,1,E-CIG RETAILER,23001626.0,ACTIVE,03/01/2023,
32088279602,"A I K GROUP 3, LLC",VAPE & SMOKE MART,820 S MACARTHUR BLVD STE 137,IRVING,TX,75063,,DALLAS,1,E-CIG RETAILER,23004991.0,ACTIVE,07/01/2023,
32088299899,VAPOR WHOLESALE DIRECT INC,ADDISON SMOKE & VAPE,4287 BELT LINE RD,ADDISON,TX,75001,4510.0,DALLAS,2,E-CIG RETAILER,23006924.0,ACTIVE,09/01/2023,
32088328979,HIMAL LLC,SENOR VAPE AND SCRATCH OFF CENTER,118 W CENTERVILLE RD STE 200,GARLAND,TX,75041,5157.0,DALLAS,1,E-CIG RETAILER,23001684.0,ACTIVE,02/25/2023,
32088371946,UPTOWN OAKLAWN INVESTMENT INC,UPTOWN SMOKE AND VAPE,3420 OAK LAWN AVE,DALLAS,TX,75219,4214.0,DALLAS,1,E-CIG RETAILER,23001898.0,ACTIVE,04/01/2023,
32088731271,KAME4 LLC,KRAZY4 SMOKE AND VAPE,1475 E BELT LINE RD STE 200,RICHARDSON,TX,75081,4600.0,DALLAS,1,E-CIG RETAILER,23002358.0,ACTIVE,04/15/2023,
32088779577,FARYAL ENTERPRISES LLC,VAPE VIOLET,2908 N MACARTHUR BLVD,IRVING,TX,75062,4447.0,DALLAS,1,E-CIG RETAILER,23005636.0,ACTIVE,08/01/2023,
32089598091,NOUR INVESTMENT LLC,BIG D SMOKE & VAPE SHOP,3940 SAINT FRANCIS AVE STE 103,DALLAS,TX,75228,6163.0,DALLAS,2,E-CIG RETAILER,23005234.0,ACTIVE,07/15/2023,
32090240287,VAPE HABITS LLC,VAPE HABITS,539 W COMMERCE ST # 2700,DALLAS,TX,75208,1953.0,DALLAS,1,E-CIG RETAILER,23006073.0,ACTIVE,08/01/2023,
32090496590,MANS ELECTRONICS & SMOKE LLC,BEST ELECTRONICS SMOKE & VAPE,11536 HARRY HINES BLVD STE 204,DALLAS,TX,75229,8121.0,DALLAS,1,E-CIG RETAILER,23005511.0,ACTIVE,07/08/2023,
32090748347,AYRA VENTURES LLC,VAPE CRAFT,4101 ROSS AVE STE 100,DALLAS,TX,75204,5139.0,DALLAS,1,E-CIG RETAILER,23006455.0,ACTIVE,08/15/2023,
32091107766,HOV-M ENTERPRISE LLC,HOUSE OF VAPES,2030 N BELT LINE RD STE 160,MESQUITE,TX,75150,5816.0,DALLAS,1,E-CIG RETAILER,23007092.0,ACTIVE,09/09/2023,
32091107832,HOV-G ENTERPRISES LLC,HOUSE OF VAPES,1225 BELT LINE RD STE 103,GARLAND,TX,75040,3294.0,DALLAS,1,E-CIG RETAILER,23007093.0,ACTIVE,09/09/2023,
32091118680,OCEAN 11 ENTERPRISES LLC,VAPE X,3609A GREENVILLE AVE,DALLAS,TX,75206,5631.0,DALLAS,1,E-CIG RETAILER,23006743.0,ACTIVE,09/01/2023,
32091189996,BARATO VAPE INC,BARATO VAPE INC,1638 S 1ST ST STE A,GARLAND,TX,75040,8403.0,DALLAS,1,E-CIG RETAILER,23007420.0,ACTIVE,10/01/2023,
32091409691,TRIPPY ENTERPRISE INC,TRIPPY SMOKE AND VAPE,4323 W ILLINOIS AVE UNIT 105,DALLAS,TX,75211,8460.0,DALLAS,1,E-CIG RETAILER,23008862.0,ACTIVE,12/01/2023,
32091490410,NK DISTRIBUTORS LLC,VAPE HOUSE,2740 VALWOOD PKWY STE 110,FARMERS BRANCH,TX,75234,3562.0,DALLAS,2,E-CIG RETAILER,23008562.0,ACTIVE,10/27/2023,
32092451668,"TIGER TOWN TRADING, INC",GOLD OCEAN TOBACCO & VAPE,2447 VALWOOD PKWY,FARMERS BRANCH,TX,75234,3411.0,DALLAS,1,E-CIG RETAILER,23009207.0,ACTIVE,12/01/2023,
14527102975,SMOKER'S SECTION INC.,ONE STOP SMOKE SHOP,318 S CENTRAL EXPY STE 112,RICHARDSON,TX,75080,6300.0,DALLAS,1,E-CIG RETAILER,21006390.0,ACTIVE,01/01/2022,
32017791149,TMD LLC,ROYAL SMOKE AND VAPOR,11461 HARRY HINES BLVD STE 107,DALLAS,TX,75229,2186.0,DALLAS,2,E-CIG RETAILER,22007454.0,ACTIVE,05/17/2022,
32048476744,BUSINESS INVESTORS WORLDWIDE INC,FRIENDS SMOKE AND VAPOR,11447 HARRY HINES BLVD STE 102,DALLAS,TX,75229,2241.0,DALLAS,3,E-CIG RETAILER,23000014.0,ACTIVE,12/29/2022,
32050804015,"GRATER ALLIANCE, INC.",SMOKE & TELL,728 W WALNUT ST,GARLAND,TX,75040,5025.0,DALLAS,2,E-CIG RETAILER,21011292.0,ACTIVE,01/01/2022,
32051929993,"NATIONAL IMPORTS, LLC",SMOKE & VAPOR KING,11252 HARRY HINES BLVD STE 102,DALLAS,TX,75229,4662.0,DALLAS,1,E-CIG RETAILER,21007360.0,ACTIVE,01/01/2022,
32052335711,3D SMOKE SHOP INC,3D SMOKE SHOP #4,9008 GARLAND RD,DALLAS,TX,75218,3919.0,DALLAS,1,E-CIG RETAILER,22000145.0,ACTIVE,01/01/2022,
32054077451,R & G SMOKE LLC,SMOKE N PEACE,2220 MARSH LN STE 104,CARROLLTON,TX,75006,2613.0,DALLAS,1,E-CIG RETAILER,22002432.0,ACTIVE,01/25/2022,
32055716347,HIGHLINER AUTO. LLC.,DREAMER SMOKE SHOP,4411 CEDARDALE DR STE B,DALLAS,TX,75241,7035.0,DALLAS,1,E-CIG RETAILER,21011812.0,ACTIVE,01/01/2022,
32056008306,MYKESHIA RICHARDSON,SMOKE ZONE & MORE,4864 S BUCKNER BLVD STE 400,DALLAS,TX,75227,2357.0,DALLAS,4,E-CIG RETAILER,21006169.0,ACTIVE,01/01/2022,
32056060166,NORTHWEST SMOKERS INC,3D SMOKE SHOP #6,6530 E NORTHWEST HWY,DALLAS,TX,75231,8010.0,DALLAS,1,E-CIG RETAILER,21011814.0,ACTIVE,01/01/2022,
32056144143,SOSA'S SHOPS INC,SMOKEY'S SMOKE SHOP,4506 COLUMBIA AVE STE 150,DALLAS,TX,75226,1016.0,DALLAS,3,E-CIG RETAILER,23003800.0,ACTIVE,05/15/2023,
32056472445,SMOKE XPRESS INC,SMOKE XPRESS,3701 ESTERS RD STE 103,IRVING,TX,75038,4698.0,DALLAS,1,E-CIG RETAILER,21013244.0,ACTIVE,01/01/2022,
32057530159,"STINKY'S SMOKE SHOP, LLC","STINKY'S SMOKE SHOP, LLC",2408 E TRINITY MILLS RD STE 106,CARROLLTON,TX,75006,1935.0,DALLAS,2,E-CIG RETAILER,22001280.0,ACTIVE,01/11/2022,
32059541675,3D GARLAND SMOKERS INC,3D SMOKE SHOP #10,2717 E BELT LINE RD STE 108B,CARROLLTON,TX,75006,5437.0,DALLAS,1,E-CIG RETAILER,22000168.0,ACTIVE,01/01/2022,
32060032805,CANYON FINANCIAL INC,HOUSE OF SMOKE,4299 BELT LINE RD,ADDISON,TX,75001,4510.0,DALLAS,4,E-CIG RETAILER,21010621.0,ACTIVE,01/01/2022,
32060906800,F&K INVESTMENT LLC,SUPER FUN SMOKE SHOP,905 SW 3RD ST,GRAND PRAIRIE,TX,75051,3032.0,DALLAS,2,E-CIG RETAILER,22007407.0,ACTIVE,06/01/2022,
32060906800,F&K INVESTMENT LLC,NO 1 SMOKE SHOP,1038 W CAMP WISDOM RD,DALLAS,TX,75232,3536.0,DALLAS,3,E-CIG RETAILER,22012638.0,ACTIVE,11/01/2022,
32061687441,KHALID ENTERPRISES INC,SMOKE SHOP ACCESSORIES,11029 HARRY HINES BLVD STE B105,DALLAS,TX,75229,5782.0,DALLAS,1,E-CIG RETAILER,21007201.0,ACTIVE,01/01/2022,
32062404036,PANCHAKANYA ENTERPRISES LLC,OG SMOKE,101 N HAMPTON RD STE 105,DESOTO,TX,75115,4911.0,DALLAS,3,E-CIG RETAILER,22002975.0,ACTIVE,01/25/2022,
32063496627,MARKELL GROUP LLC,GREEDY GROVE SMOKE SHOP 2,1917 S BUCKNER BLVD,DALLAS,TX,75217,1822.0,DALLAS,1,E-CIG RETAILER,21007741.0,ACTIVE,01/01/2022,
32065178405,RUZE WHOLESALE LLC,LIVE OAK SMOKE SHOP,4102 LIVE OAK ST,DALLAS,TX,75204,6769.0,DALLAS,1,E-CIG RETAILER,21010490.0,ACTIVE,01/01/2022,
32065599337,TRIPLE M REPAIR LLC,SMOKE NATION,3460 W WALNUT ST STE 500,GARLAND,TX,75042,7121.0,DALLAS,1,E-CIG RETAILER,21004872.0,ACTIVE,01/01/2022,
32066325914,DABOUS CORP INC,HEMPTATIONS SMOKE SHOP,2300 KELLER SPRINGS RD STE 500,CARROLLTON,TX,75006,,DALLAS,1,E-CIG RETAILER,21006822.0,ACTIVE,01/01/2022,
32067340581,MOBILE SMOKE SHOP LLC,MOBILE SMOKE SHOP LLC,847 SINGLETON BLVD STE 110,DALLAS,TX,75212,4014.0,DALLAS,1,E-CIG RETAILER,21011490.0,ACTIVE,01/01/2022,
32067461155,"SNP 3, INC",SMOKE N PEACE,10531 E NORTHWEST HWY,DALLAS,TX,75238,4800.0,DALLAS,1,E-CIG RETAILER,22000975.0,ACTIVE,01/10/2022,
32069133893,IN MOTION TRADING LLC,B-OVER 21 SMOKE SHOP,1406 W MAIN ST,GRAND PRAIRIE,TX,75050,5215.0,DALLAS,4,E-CIG RETAILER,22004172.0,INACTIVE,02/17/2022,
32069269226,DFW VAPOR & SMOKE LLC,DFW SMOKE SHOP & VAPOR,3581 N BELT LINE RD,IRVING,TX,75062,7804.0,DALLAS,2,E-CIG RETAILER,22001232.0,ACTIVE,01/11/2022,
32069303751,YUJA LLC,NEW SMOKE WORLD,1815 W TARRANT RD STE 103,GRAND PRAIRIE,TX,75050,3135.0,DALLAS,1,E-CIG RETAILER,21013602.0,ACTIVE,01/01/2022,
32070823557,RIVER MAGIC INC,SMOKE CLUB,1200 E DAVIS ST STE 114,MESQUITE,TX,75149,8711.0,DALLAS,2,E-CIG RETAILER,22004218.0,ACTIVE,02/21/2022,
32071349560,"NAY SMART INVESTMENTS , INC.",FASHION SMOKE,1451 W MOCKINGBIRD LN,DALLAS,TX,75247,4905.0,DALLAS,2,E-CIG RETAILER,21011547.0,ACTIVE,01/01/2022,
32072363941,MEENA TRADERS LLC,PARKWAY SMOKE SHOP,625 PIONEER RD STE 108,MESQUITE,TX,75149,5286.0,DALLAS,1,E-CIG RETAILER,23001407.0,ACTIVE,02/12/2023,
32072507901,ULTIMATE MILES INC,LIT IT SMOKE SHOP,516 W ARAPAHO RD STE 110,RICHARDSON,TX,75080,4342.0,DALLAS,1,E-CIG RETAILER,21013613.0,ACTIVE,01/01/2022,
32072559597,MPS RETAIL CORP,PEAK SMOKE SHOP,6933 SCYENE RD,DALLAS,TX,75227,6539.0,DALLAS,1,E-CIG RETAILER,22000314.0,ACTIVE,01/01/2022,
32073266689,OMAR MARTINEZ LOPEZ,D SMOKE SHOP,9334 E R L THORNTON FWY STE 316,DALLAS,TX,75228,6113.0,DALLAS,1,E-CIG RETAILER,22004035.0,ACTIVE,02/22/2022,
32074147664,"LAKE JUNE GROUP, INC.",LAKE JUNE SMOKE SHOP,11331 LAKE JUNE RD STE A3,BALCH SPRINGS,TX,75180,1221.0,DALLAS,1,E-CIG RETAILER,21016812.0,INACTIVE,01/01/2022,01/01/2022
32074149009,K.PEREZNEGRON INC,SMOKE PRETTY DALLAS,1924 W JEFFERSON BLVD STE 103,DALLAS,TX,75208,5593.0,DALLAS,2,E-CIG RETAILER,22003295.0,ACTIVE,02/08/2022,
32074659866,OMS INVESTMENT LLC,I SMOKE TOBACCO AND GIFT SHOP,2210 W MAIN ST,GRAND PRAIRIE,TX,75050,5071.0,DALLAS,1,E-CIG RETAILER,21013312.0,ACTIVE,01/01/2022,
32074707277,"MOON SMOKE HOUSE, INC.",I LOVE SMOKE HOUSE,344 W PLEASANT RUN RD,LANCASTER,TX,75146,1566.0,DALLAS,1,E-CIG RETAILER,21006964.0,INACTIVE,01/01/2022,04/01/2022
32074707277,"MOON SMOKE HOUSE, INC.",J.K,8300 LA PRADA DR STE 174,DALLAS,TX,75228,8701.0,DALLAS,2,E-CIG RETAILER,23000345.0,ACTIVE,01/15/2023,
32074855381,"A&R SMOKE, INC.",SMOKE PUFF,724 E MARSHALL DR STE 102,GRAND PRAIRIE,TX,75051,4418.0,DALLAS,1,E-CIG RETAILER,21006967.0,ACTIVE,01/01/2022,
32074904197,MONSTER SMOKE OUTLET LLC,MONSTER SMOKE OUTLET,2527 ROYAL LN STE 102,DALLAS,TX,75229,7168.0,DALLAS,1,E-CIG RETAILER,21006968.0,INACTIVE,01/01/2022,01/01/2022
32075554009,KNUN LLC,DISCOUNT SMOKE & BEER,1335 N BELT LINE RD STE 13,IRVING,TX,75061,4037.0,DALLAS,1,E-CIG RETAILER,22005943.0,ACTIVE,03/26/2022,
32075788144,ASNY GROUP INC,LATINO SMOKE AND VAPOR,1916 WALNUT PLZ STE 100,CARROLLTON,TX,75006,5861.0,DALLAS,1,E-CIG RETAILER,21016821.0,ACTIVE,01/01/2022,
32075998099,3D ROWLETT SMOKERS INC,3D SMOKE SHOP #9,5321 LAKEVIEW PKWY STE 101,ROWLETT,TX,75088,4131.0,DALLAS,1,E-CIG RETAILER,22000234.0,ACTIVE,01/01/2022,
32076261588,PURPLE ZEN LLC,SMOKE IT,2532 W WALNUT ST,GARLAND,TX,75042,6439.0,DALLAS,1,E-CIG RETAILER,22010543.0,ACTIVE,08/01/2022,
32076293466,HABESHA STAR LLC,RED SEA SMOKE SHOP,4413 W WALNUT ST STE 417,GARLAND,TX,75042,5982.0,DALLAS,1,E-CIG RETAILER,22011295.0,ACTIVE,08/24/2022,
32076360620,D.F. TRADING LLC,SMOKE DEPOT,11029 HARRY HINES BLVD STE C105,DALLAS,TX,75229,5798.0,DALLAS,1,E-CIG RETAILER,22000515.0,ACTIVE,01/01/2022,
32076427023,ALL THE SMOKE LLC,ALL THE SMOKE,120 LAVON DR STE 120,GARLAND,TX,75040,6520.0,DALLAS,1,E-CIG RETAILER,22010255.0,ACTIVE,01/01/2022,
32076701674,BJ KUNWAR LLC,DEEZ SMOKE 4 LESS,2915 ESTERS RD,IRVING,TX,75062,7781.0,DALLAS,1,E-CIG RETAILER,22004138.0,ACTIVE,01/01/2022,
32076797672,XPRESS FUSION LLC.,SMOKE XPRESS,834 FORT WORTH ST STE 2,GRAND PRAIRIE,TX,75050,5560.0,DALLAS,1,E-CIG RETAILER,21013326.0,INACTIVE,01/01/2022,05/31/2022
32076807315,THE BUZZ STOP SMOKE SHOP LLC,THE BUZZ STOP SMOKE SHOP LLC,513 W JEFFERSON ST UNIT 140,GRAND PRAIRIE,TX,75051,1606.0,DALLAS,1,E-CIG RETAILER,22003944.0,INACTIVE,02/11/2022,08/25/2022
32076874430,AAIRA TRADING INC,HEAVEN N SKY SMOKE SHOP,1980 NANTUCKET DR STE 106,RICHARDSON,TX,75080,3360.0,DALLAS,1,E-CIG RETAILER,22013996.0,ACTIVE,10/22/2022,
32076874430,AAIRA TRADING INC,HEAVEN N SKY SMOKE SHOP,6246 BROADWAY BLVD STE B,GARLAND,TX,75043,5900.0,DALLAS,2,E-CIG RETAILER,23000427.0,ACTIVE,01/20/2023,
32077226671,ISREAL BECERRA AND RICHARD ASLIN,RIZZY SMOKE SHOP,2010 KELLER SPRINGS RD,CARROLLTON,TX,75006,4304.0,DALLAS,2,E-CIG RETAILER,21015279.0,ACTIVE,01/01/2022,
32077582628,SHADY GROVE VENTURES LLC,SHADY GROVE SMOKE,1419 W SHADY GROVE RD,IRVING,TX,75060,3859.0,DALLAS,1,E-CIG RETAILER,22008521.0,ACTIVE,06/03/2022,
32077684655,MAB WIRELESS LLC,SMOKE HOUSE,5425 N JIM MILLER RD STE B,DALLAS,TX,75227,1522.0,DALLAS,4,E-CIG RETAILER,22010944.0,ACTIVE,08/11/2022,
32077791898,THE SMOKE SPOT LLC,THE SMOKE SPOT,2819 COMMERCE ST,DALLAS,TX,75226,1608.0,DALLAS,1,E-CIG RETAILER,22010297.0,ACTIVE,02/01/2022,
32077865890,ALMA ZATRIEH GROUP INC,W SMOKE,1050 N WESTMORELAND RD STE 124,DALLAS,TX,75211,2416.0,DALLAS,1,E-CIG RETAILER,21005865.0,ACTIVE,01/01/2022,
32078203455,JENNI BUSINESS LLC,JENNY SMOKE SHOP,2990 LOMBARDY LN STE 240,DALLAS,TX,75220,2648.0,DALLAS,8,E-CIG RETAILER,23008841.0,ACTIVE,11/20/2023,
32078634659,"THAPAKC EMPIRE, LLC.",SMOKE EMPIRE #2,3480 S CARRIER PKWY STE 190,GRAND PRAIRIE,TX,75052,6459.0,DALLAS,2,E-CIG RETAILER,22000709.0,ACTIVE,02/01/2022,
32078670315,PUFF-N-GO LLC,PUFF-N-GO SMOKE & VAPOR,415 S CARROLL AVE STE 102,DALLAS,TX,75223,2627.0,DALLAS,2,E-CIG RETAILER,22001664.0,ACTIVE,01/15/2022,
32079093517,TEXAS HIGHNESS INC,HAZE N BLAZE SMOKE SHOP,8928 E R L THORNTON FWY STE 109,DALLAS,TX,75228,6195.0,DALLAS,1,E-CIG RETAILER,22001616.0,ACTIVE,02/01/2022,
32079510049,"US CLARK GROUP # 2, INC",SMOKE PALACE SMOKE SHOP,1700 W POLO RD STE 124,GRAND PRAIRIE,TX,75052,1821.0,DALLAS,1,E-CIG RETAILER,21005881.0,ACTIVE,01/01/2022,
32079699727,OWENS BROS ENTERPRISES INC,121 SMOKE SHOP,680 N DENTON TAP RD STE 200,COPPELL,TX,75019,7938.0,DALLAS,1,E-CIG RETAILER,21010578.0,ACTIVE,01/01/2022,
32079713379,AMIN MUHAMMAD JAFFER SACHWANI,CHERRY PHONE ACCESSORIES & SMOKE SHOP,3924 W RED BIRD LN,DALLAS,TX,75237,2038.0,DALLAS,1,E-CIG RETAILER,21012097.0,ACTIVE,01/01/2022,
32080105425,NSH TRADE INC,SMOKE MART,209 E PLEASANT RUN RD STE 135,DESOTO,TX,75115,3989.0,DALLAS,1,E-CIG RETAILER,22000259.0,INACTIVE,01/01/2022,
32080177259,O.KAY INVESTMENTS LLC,THE SMOKE JOB,111 E 2ND ST,IRVING,TX,75060,3015.0,DALLAS,2,E-CIG RETAILER,22013610.0,ACTIVE,12/01/2022,
32080211439,"LIT SMOKE SHOP, LLC",LIT SMOKE SHOP,1127 COKER ST,IRVING,TX,75062,3693.0,DALLAS,2,E-CIG RETAILER,22014068.0,ACTIVE,12/14/2022,
32080242582,SMOKES R US INC,SMOKES R US INC,2626 S WESTMORELAND RD STE 600,DALLAS,TX,75211,8900.0,DALLAS,1,E-CIG RETAILER,21008732.0,INACTIVE,01/01/2022,02/28/2023
32080328365,"US CLARK GROUP #3, INC",WE SMOKE,8817 CLARK RD,DALLAS,TX,75249,1080.0,DALLAS,1,E-CIG RETAILER,21005887.0,ACTIVE,01/01/2022,
32080678363,HARAM INVESTMENT INC,BLUE MOON SMOKE SHOP,424 E BELT LINE RD,WILMER,TX,75172,1324.0,DALLAS,3,E-CIG RETAILER,22005927.0,ACTIVE,04/05/2022,
32080867123,MAHADEV SMOKES LLC,AMSTERDAM SMOKES,1922 N STORY RD,IRVING,TX,75061,1936.0,DALLAS,1,E-CIG RETAILER,23008079.0,ACTIVE,08/22/2023,
32081385083,HGBP LLC,SMOKE DEN,4030 CEDAR SPRINGS RD,DALLAS,TX,75219,3520.0,DALLAS,1,E-CIG RETAILER,22005422.0,ACTIVE,02/06/2022,
32081440615,CARRIER SMOKE LLC,CITY SMOKES #3,950 S CARRIER PKWY STE 160,GRAND PRAIRIE,TX,75051,1682.0,DALLAS,1,E-CIG RETAILER,21006373.0,ACTIVE,01/01/2022,
32081635040,SRR RETAIL MANAGEMENT LLC,GP SMOKE SHOP,809 W JEFFERSON ST STE A,GRAND PRAIRIE,TX,75051,1645.0,DALLAS,1,E-CIG RETAILER,21010036.0,ACTIVE,01/01/2022,
32081739271,DRAGON SMOKE SHOP LLC,DRAGON SMOKE SHOP UNIVERSITY,6719 HILLCREST AVE UNIT B,UNIVERSITY PARK,TX,75205,1304.0,DALLAS,2,E-CIG RETAILER,22005981.0,ACTIVE,04/15/2022,
32082231492,SPOTCENTRAL WORLDWIDE LLC,LATINOS SMOKE SHOP,2226 GUS THOMASSON RD,DALLAS,TX,75228,3003.0,DALLAS,1,E-CIG RETAILER,22011028.0,ACTIVE,08/22/2022,
32082256747,"INARUWA ENTERPRISES, INC.",THE SMOKE STUDIO,3005 S CARRIER PKWY STE 102,GRAND PRAIRIE,TX,75052,5645.0,DALLAS,1,E-CIG RETAILER,21015205.0,ACTIVE,01/01/2022,
32082323414,WARDAK LLC,HIGH LIMIT SMOKE SHOP,800 N BELT LINE RD,IRVING,TX,75061,6318.0,DALLAS,1,E-CIG RETAILER,21015201.0,ACTIVE,01/01/2022,
32082423784,SAI SMOKE SHOP LLC,SAI SMOKE SHOP,2410 DUNCANVILLE RD STE 120,DALLAS,TX,75211,6506.0,DALLAS,1,E-CIG RETAILER,22000952.0,INACTIVE,01/20/2022,07/10/2022
32082599104,VIP SMOKE SHOP INC,VIP SMOKE SHOP INC,312 E MAIN ST,GRAND PRAIRIE,TX,75050,5725.0,DALLAS,1,E-CIG RETAILER,22004087.0,ACTIVE,03/31/2022,
32082688022,MZB SMOKE LLC,IN & OUT SMOKE,2825 VALLEY VIEW LN STE 303,FARMERS BRANCH,TX,75234,4965.0,DALLAS,1,E-CIG RETAILER,22008256.0,INACTIVE,04/30/2022,03/31/2023
32083201866,BROTHERS SMOKE SHOP LLC,BROTHERS SMOKE SHOP LLC,12101 GREENVILLE AVE,DALLAS,TX,75243,583.0,DALLAS,1,E-CIG RETAILER,22004893.0,ACTIVE,03/02/2022,
32083606247,"ZAYTOON TREE INVESTMENTS, LLC",SMOKE LAB,1815 W CAMPBELL RD UNIT 4,GARLAND,TX,75044,2401.0,DALLAS,1,E-CIG RETAILER,23003695.0,INACTIVE,06/01/2023,06/01/2023
32083659964,RUN RADIL LLC,I LOVE SMOKE SHOP,334 W PLEASANT RUN RD,LANCASTER,TX,75146,1566.0,DALLAS,1,E-CIG RETAILER,22008655.0,ACTIVE,06/06/2022,
32083674583,OAK CLIFF SMOKE SHOP L.L.C.,OAK CLIFF SMOKE SHOP,410 W DAVIS ST,DALLAS,TX,75208,4611.0,DALLAS,1,E-CIG RETAILER,22009045.0,ACTIVE,07/01/2022,
32083726912,SMOKE & VIBES LLC,SMOKE & VIBES,630 S CENTRAL EXPY,RICHARDSON,TX,75080,7401.0,DALLAS,1,E-CIG RETAILER,22014108.0,ACTIVE,01/01/2023,
32083989593,MAUI HOLDINGS GROUP LLC,360 SMOKE SHOP,12700 MIDWAY RD,DALLAS,TX,75244,6301.0,DALLAS,1,E-CIG RETAILER,22009240.0,ACTIVE,06/01/2022,
32083999634,ZEE C-STORE SMOKE & TOBACCO INC,ZEE C-STORE SMOKE & TOBACCO INC,4825 ROSS AVE,DALLAS,TX,75204,4825.0,DALLAS,1,E-CIG RETAILER,22006777.0,ACTIVE,04/20/2022,
32084036824,NEEDWEED LLC,LAKHEY SMOKES,2585 FAITHON P LUCAS SR BLVD STE 200,MESQUITE,TX,75181,1504.0,DALLAS,1,E-CIG RETAILER,22010560.0,ACTIVE,10/01/2022,
32084315962,AR TEXAS INVESTMENT LLC,SMOKE STUDIO,11834 HARRY HINES BLVD STE 123,DALLAS,TX,75234,5906.0,DALLAS,1,E-CIG RETAILER,22008543.0,ACTIVE,06/01/2022,
32084603102,SRI JALPA DEVI INC,SMOKE HEAVAN,13311 MONTFORT DR,DALLAS,TX,75240,5116.0,DALLAS,2,E-CIG RETAILER,22008876.0,ACTIVE,06/11/2022,
32084666877,"DOTFOT GROUP, LLC.",DOTPUFF SMOKE & VAPOUR,405 S BELT LINE RD,GRAND PRAIRIE,TX,75051,2002.0,DALLAS,2,E-CIG RETAILER,23002934.0,ACTIVE,04/06/2023,
32085107483,AMA SMOKE & NOVELTIES LLC,AMA SMOKE & NOVELTIES LLC,1947 E GRAUWYLER RD,IRVING,TX,75061,3140.0,DALLAS,1,E-CIG RETAILER,22009714.0,ACTIVE,06/24/2022,
32085132945,"SMOKE LEMMON, LLC",SPARK SMOKE SHOP # 5,6522 LEMMON AVE,DALLAS,TX,75209,4502.0,DALLAS,1,E-CIG RETAILER,22009907.0,ACTIVE,09/01/2022,
32085855404,JAY SHAMVO LLC,1-30 SMOKE SHOP,441 W INTERSTATE 30,GARLAND,TX,75043,5912.0,DALLAS,1,E-CIG RETAILER,22013454.0,ACTIVE,11/17/2022,
32086324699,AZRA INVESTMENTS LLC,Z1 BUCKNER SMOKE SHOP,1309 S BUCKNER BLVD,DALLAS,TX,75217,1702.0,DALLAS,1,E-CIG RETAILER,23002200.0,INACTIVE,03/15/2023,06/30/2023
32086654285,TEXAS WILDFLOWER SMOKES AND ORGANICS LLC,TEXAS WILDFLOWER SMOKES AND ORGANICS,908 AUDELIA RD,RICHARDSON,TX,75081,5166.0,DALLAS,1,E-CIG RETAILER,23002769.0,ACTIVE,04/08/2023,
32086675843,OM BHIMSEN INC,SMOKE HEAVEN,3806 S STATE HIGHWAY 161 STE 300,GRAND PRAIRIE,TX,75052,7946.0,DALLAS,2,E-CIG RETAILER,23005301.0,ACTIVE,07/01/2023,
32086681957,HZF INVESTMENT LLC,NO.1 SMOKE SHOP,905 SW 3RD ST,GRAND PRAIRIE,TX,75051,3032.0,DALLAS,1,E-CIG RETAILER,22013276.0,ACTIVE,11/10/2022,
32086802363,ABHISHEK THAKUR,ARCADIA SMOKE SHOP,5235 W DAVIS ST,DALLAS,TX,75211,1151.0,DALLAS,1,E-CIG RETAILER,22013167.0,ACTIVE,11/02/2022,
32087298108,SHEHAB SAYEBA SHETAB LLC,LOCO SMOKE SHOP,3620 W PIONEER DR STE 117,IRVING,TX,75061,1543.0,DALLAS,1,E-CIG RETAILER,22013904.0,INACTIVE,01/15/2023,08/30/2023
32087298108,SHEHAB SAYEBA SHETAB LLC,LOCO SMOKE SHOP,428 E JEFFERSON BLVD STE 101,DALLAS,TX,75203,5604.0,DALLAS,2,E-CIG RETAILER,23007891.0,ACTIVE,10/01/2023,
32087761683,"ANN SRI, INC",SMOKE & GIFT SHOP,1138 PLEASANT VALLEY RD STE B,GARLAND,TX,75040,4832.0,DALLAS,1,E-CIG RETAILER,23004030.0,INACTIVE,06/01/2023,
32087808419,"SWIFT SPARK INVESTMENT, LLC.",SMOKE STUDIO 2,1200 E DAVIS ST,MESQUITE,TX,75149,8729.0,DALLAS,1,E-CIG RETAILER,23000719.0,ACTIVE,01/27/2023,
32088269454,SPARK GARLAND LLC,SPARK SMOKE SHOP,9371 GARLAND RD STE 110,DALLAS,TX,75218,3606.0,DALLAS,1,E-CIG RETAILER,23001459.0,ACTIVE,03/01/2023,
32088271120,SK ADD LLC,TRIPPY SMOKE & VAPOR,13936 MONTFORT DR STE B,DALLAS,TX,75240,1379.0,DALLAS,1,E-CIG RETAILER,23003656.0,ACTIVE,03/01/2023,
32088336543,CENTRAL EAST LLC,SMOKE LOKO,414 S FOREST CREST DR,GARLAND,TX,75042,6913.0,DALLAS,1,E-CIG RETAILER,23003655.0,INACTIVE,03/01/2023,10/31/2023
32088845741,SMU SMOKE LLC,SMOKE BREAK,5616 E MOCKINGBIRD LN,DALLAS,TX,75206,5346.0,DALLAS,1,E-CIG RETAILER,23003397.0,INACTIVE,06/01/2023,06/16/2023
32088899359,FIYAH SMOKE SHOP LLC,FIYAH SMOKE SHOP,710 E INTERSTATE 30,GARLAND,TX,75043,4018.0,DALLAS,1,E-CIG RETAILER,23005353.0,ACTIVE,09/01/2023,
32089768579,PUFF SMOKE LLC,PUFF SMOKE,108 NE 19TH ST,GRAND PRAIRIE,TX,75050,6101.0,DALLAS,1,E-CIG RETAILER,23004443.0,ACTIVE,06/15/2023,
32089947330,SAH DFW LLC,JUST SMOKE,1305 N BLUEGROVE RD STE 102,LANCASTER,TX,75134,2939.0,DALLAS,1,E-CIG RETAILER,23004565.0,ACTIVE,06/01/2023,
32090110530,KANAWATI INVESTMENT INC,TOBACCO ROAD SMOKE SHOP,307 N HAMPTON RD STE A,DESOTO,TX,75115,4915.0,DALLAS,1,E-CIG RETAILER,,INACTIVE,08/01/2023,09/20/2023
32090172233,"DAKA SHAHIN, INC",FUEGO SMOKE SHOP,2475 S COCKRELL HILL RD STE 600,DALLAS,TX,75211,8145.0,DALLAS,1,E-CIG RETAILER,23005164.0,ACTIVE,07/01/2023,
32090439806,SMOKE SENSATION LLC,SMOKE SENSATION & CBD,3764 W NORTHWEST HWY,DALLAS,TX,75220,4943.0,DALLAS,1,E-CIG RETAILER,,INACTIVE,11/27/2023,
32090627491,SAN VENTURE LLC,MYSTIC SMOKE,1009 N CARRIER PKWY STE 200,GRAND PRAIRIE,TX,75050,3302.0,DALLAS,1,E-CIG RETAILER,23006020.0,ACTIVE,08/01/2023,
32090936900,BSA GROUP LLC,ROYAL SMOKE SHOP,702 MACARTHUR BLVD STE 200,GRAND PRAIRIE,TX,75050,4443.0,DALLAS,1,E-CIG RETAILER,23006424.0,ACTIVE,08/15/2023,
32090968580,"AASHI ENTERPRISES, LLC.","AASHI ENTERPRISES, LLC. ADB SMOKE GARAGE ADDISON",5181 KELLER SPRINGS RD,DALLAS,TX,75248,2688.0,DALLAS,1,E-CIG RETAILER,23006823.0,ACTIVE,08/30/2023,
32074355440,TEXAS Z & Z GROUP LLC,SMOKE IT,2532 W WALNUT ST,GARLAND,TX,75042,6439.0,DALLAS,1,E-CIG RETAILER,21011968.0,INACTIVE,01/01/2022,05/31/2022
32074887004,DAKSHINKALI INC,ABC SMOKE,2155 MARSH LN STE 100,CARROLLTON,TX,75006,5069.0,DALLAS,1,E-CIG RETAILER,21016182.0,ACTIVE,01/01/2022,
32091548290,RON'S SMOKE SHOP LLC,RON'S SMOKE SHOP,120 LAVON DR STE 100,GARLAND,TX,75040,6520.0,DALLAS,1,E-CIG RETAILER,23007552.0,ACTIVE,10/01/2023,
32091813538,REDRIVER US LLC,LIT IT SMOKE SHOP,516 W ARAPAHO RD,RICHARDSON,TX,75080,4358.0,DALLAS,1,E-CIG RETAILER,23008306.0,ACTIVE,10/12/2023,
32092179939,ATHLETES EDGE SMOKE VAPOR LLC,ISMOKE TOBACCO AND GIFT SHOP,2210 W MAIN ST STE 104,GRAND PRAIRIE,TX,75050,5071.0,DALLAS,1,E-CIG RETAILER,23008961.0,ACTIVE,11/07/2023,
32069133893,IN MOTION TRADING LLC,SMOKERS HUB,260 S BELT LINE RD STE 269,IRVING,TX,75060,2139.0,DALLAS,2,E-CIG RETAILER,21007606.0,INACTIVE,01/01/2022,
32069133893,IN MOTION TRADING LLC,SMOKERS HUB,605 E PALACE PKWY STE C5,GRAND PRAIRIE,TX,75050,2301.0,DALLAS,3,E-CIG RETAILER,21007607.0,INACTIVE,01/01/2022,
32085048596,ZANA LLC,SMOKER'S PARADISE,1238 BELT LINE RD STE 365,GARLAND,TX,75040,3296.0,DALLAS,1,E-CIG RETAILER,22009703.0,ACTIVE,09/01/2022,
32085645789,"SMOKERS HOUSE GROUP, LLC",SMOKERS HOUSE,1001 KINGS HWY STE B,DALLAS,TX,75208,3704.0,DALLAS,1,E-CIG RETAILER,22010763.0,ACTIVE,09/01/2022,
32088062776,KEANA M ERVIN,SMOKERS PARADISE,2233 N PRAIRIE CREEK RD # J5,DALLAS,TX,75227,8102.0,DALLAS,1,E-CIG RETAILER,23002524.0,INACTIVE,04/07/2023,04/07/2023
32058697692,AF VAPOR LLC,AF VAPOR LLC,4404 LEMMON AVE,DALLAS,TX,75219,2142.0,DALLAS,2,E-CIG RETAILER,21007272.0,ACTIVE,01/01/2022,
18010709477,"NASHAMA, INC.",MYSTIC VAPOR BAR,515 W CAMPBELL RD STE 101,RICHARDSON,TX,75080,3374.0,DALLAS,1,E-CIG RETAILER,21013952.0,INACTIVE,01/01/2022,05/31/2022
32038057876,KHALED RIHANI INC.,MYSTIC VAPOR,515 W CAMPBELL RD STE 101,RICHARDSON,TX,75080,3374.0,DALLAS,2,E-CIG RETAILER,22009526.0,ACTIVE,07/01/2022,
32045831883,TVB INC.,THE VAPOR BAR,8301 LAKEVIEW PKWY STE 103,ROWLETT,TX,75088,9319.0,DALLAS,7,E-CIG RETAILER,22009065.0,INACTIVE,03/18/2022,06/15/2022
32046905306,CROSSRHOADES ENTERPRISES LLC,POSH VAPORS,5125 N PRESIDENT GEORGE BUSH HWY STE 200,GARLAND,TX,75040,2756.0,DALLAS,2,E-CIG RETAILER,22001458.0,INACTIVE,01/06/2022,07/31/2022
32047602407,"MEMOONA ENTERPRISES, INC.",FIZZ VAPOR,11076 HARRY HINES BLVD STE 100,DALLAS,TX,75229,5757.0,DALLAS,4,E-CIG RETAILER,21011902.0,ACTIVE,01/01/2022,
32050214272,ANTI-STATIC MICROTECH 24-7 INC,ARTISAN VAPOR,4835 N O CONNOR RD STE 114,IRVING,TX,75062,2741.0,DALLAS,1,E-CIG RETAILER,22003530.0,ACTIVE,01/18/2022,
32050574105,WICKED HOT VAPORS LLC,WICKED HOT VAPORS LLC,524 W BELT LINE RD STE 14,RICHARDSON,TX,75080,6312.0,DALLAS,2,E-CIG RETAILER,23000116.0,ACTIVE,02/16/2022,
32051530809,"METATRON CUBED, LLC",710 VAPORS,6751 ABRAMS RD STE 124,DALLAS,TX,75231,217.0,DALLAS,1,E-CIG RETAILER,21011018.0,ACTIVE,01/01/2022,
32051530809,"METATRON CUBED, LLC",710 VAPORS,4311 LEMMON AVE,DALLAS,TX,75219,2706.0,DALLAS,2,E-CIG RETAILER,21011017.0,ACTIVE,01/01/2022,
32051530809,"METATRON CUBED, LLC",710 VAPORS,5255 N PRESIDENT GEORGE BUSH HWY STE 500,GARLAND,TX,75040,2781.0,DALLAS,3,E-CIG RETAILER,21011019.0,ACTIVE,01/01/2022,
32051772187,VAPOR INDUSTRIES LLC,A DISCOUNT VAPOR,149 W KINGSLEY RD STE 262,GARLAND,TX,75041,3431.0,DALLAS,2,E-CIG RETAILER,,INACTIVE,01/29/2022,05/10/2022
32051935370,TEXAS.E.CIGARETTE INC,DTX VAPOR,2525 INWOOD RD STE 125,DALLAS,TX,75235,7444.0,DALLAS,3,E-CIG RETAILER,21006639.0,ACTIVE,01/01/2022,
32052189803,ADDISON VAPOR LLC,ADDISON VAPOR LLC,4980 BELT LINE RD,DALLAS,TX,75254,7569.0,DALLAS,1,E-CIG RETAILER,21014303.0,ACTIVE,01/01/2022,
32052464891,DRIVE-THRU VAPORS LLC,DRIVE-THRU VAPORS,4216 LYNDON B JOHNSON FWY,DALLAS,TX,75244,5801.0,DALLAS,3,E-CIG RETAILER,22006046.0,ACTIVE,03/01/2022,
32052568915,"BIG D VAPOR, LLC","BIG D VAPOR, LLC",1608 WHITLOCK LN STE G,CARROLLTON,TX,75006,3226.0,DALLAS,2,E-CIG RETAILER,22002328.0,ACTIVE,01/15/2022,
32052833780,VICTOR MAIDEN,VAPOR INHALE CENTER & BOUTIQUE,601 PIONEER RD STE B,MESQUITE,TX,75149,5285.0,DALLAS,2,E-CIG RETAILER,22000612.0,ACTIVE,01/04/2022,
32054101590,CEDAR HILL GOOD GOOD LLC,VAPORIZED,771 W WHEATLAND RD,DUNCANVILLE,TX,75116,4520.0,DALLAS,2,E-CIG RETAILER,22004065.0,ACTIVE,02/01/2022,
32057214671,GIOVANNI J SILVA,BETTER VAPORS IRVING,4018 N BELT LINE RD,IRVING,TX,75038,5043.0,DALLAS,2,E-CIG RETAILER,22005526.0,INACTIVE,03/01/2022,07/05/2022
32058931729,"COOL WATER VAPORS, INC.",COOL WATER VAPORS,1450 W PLEASANT RUN RD STE 144,LANCASTER,TX,75146,1392.0,DALLAS,2,E-CIG RETAILER,23005324.0,ACTIVE,07/15/2023,
32060997015,"TRIBAL VAPORS, LLC",TRIBAL VAPORS,8989 FOREST LN STE 108,DALLAS,TX,75243,4158.0,DALLAS,2,E-CIG RETAILER,22004093.0,ACTIVE,02/15/2022,
32061409648,TRIPLE VAPOR LLC,ARTISAN VAPOR,305 RIVER FERN AVE STE 1128,GARLAND,TX,75040,2999.0,DALLAS,2,E-CIG RETAILER,21007286.0,ACTIVE,01/01/2022,
32061446764,TWO USA VAPOR LLC,USA VAPOR & CIGARS,4509 GREENVILLE AVE,DALLAS,TX,75206,5050.0,DALLAS,2,E-CIG RETAILER,21004448.0,ACTIVE,01/01/2022,
32062494706,PRESTIGE USA LLC,VAPOR PULSE #3,2816 N O CONNOR RD,IRVING,TX,75062,4491.0,DALLAS,7,E-CIG RETAILER,21005504.0,ACTIVE,01/01/2022,
32063285723,VAPOR HIDEOUT INC,VAPOR HIDEOUT INC,3758 S CARRIER PKWY STE 144,GRAND PRAIRIE,TX,75052,6646.0,DALLAS,1,E-CIG RETAILER,22003648.0,ACTIVE,02/09/2022,
32069855081,PLAINVIEW TEXAS LLC,VAPOR 100,5401 KENWOOD DR,ROWLETT,TX,75089,3180.0,DALLAS,8,E-CIG RETAILER,21012010.0,ACTIVE,01/01/2022,
32074677447,KAARN ENTERPRISE L.L.C.,JETSTREAM VAPOR,867 S DENTON TAP RD STE 103,COPPELL,TX,75019,4578.0,DALLAS,1,E-CIG RETAILER,21012745.0,ACTIVE,01/01/2022,
32075823578,SAMNANI INVESTMENTS LLC,VAPOR ARENA,427 N TOWN EAST BLVD STE 107,MESQUITE,TX,75150,4726.0,DALLAS,1,E-CIG RETAILER,22006985.0,ACTIVE,05/05/2022,
32076846917,NEPDALLAS LLC,CRAZY VAPOR,10045 N MACARTHUR BLVD STE 121,IRVING,TX,75063,5081.0,DALLAS,1,E-CIG RETAILER,21004953.0,ACTIVE,01/01/2022,
32078837757,VAPOR MAVEN TX LLC,VPAOR MAVEN,722 GROSS RD,MESQUITE,TX,75149,3204.0,DALLAS,2,E-CIG RETAILER,22007828.0,ACTIVE,05/27/2022,
32078837757,VAPOR MAVEN TX LLC,VAPOR MAVEN,6226 BROADWAY BLVD STE 104,GARLAND,TX,75043,5939.0,DALLAS,3,E-CIG RETAILER,22007814.0,ACTIVE,05/27/2022,
32078837757,VAPOR MAVEN TX LLC,VAPOR MAVEN TX LLC,2620 GUS THOMASSON RD,MESQUITE,TX,75150,5415.0,DALLAS,7,E-CIG RETAILER,22007824.0,ACTIVE,05/27/2022,
32078837757,VAPOR MAVEN TX LLC,VAPOR MAVEN,2205 N STORY RD,IRVING,TX,75062,7065.0,DALLAS,9,E-CIG RETAILER,22007822.0,ACTIVE,05/27/2022,
32079610385,"WHITE HORSE VAPOR STORES, LLC","WHITE HORSE VAPOR STORES, LLC",4653 NALL RD,FARMERS BRANCH,TX,75244,4618.0,DALLAS,2,E-CIG RETAILER,22012688.0,ACTIVE,10/04/2022,
32083241623,SMOK VAPORS LLC,SMOK VAPORS LLC,3443 W CAMPBELL RD STE 700,GARLAND,TX,75044,8152.0,DALLAS,1,E-CIG RETAILER,22005688.0,ACTIVE,03/22/2022,
32085508011,LAN 10 INC,VAPOR WORLD,1051 W PLEASANT RUN RD,LANCASTER,TX,75146,1348.0,DALLAS,1,E-CIG RETAILER,22011190.0,ACTIVE,08/03/2022,
32088080398,ATM LLC,GREEN VAPOR,3721 BELT LINE RD,ADDISON,TX,75001,4302.0,DALLAS,1,E-CIG RETAILER,23001945.0,ACTIVE,02/17/2023,
